<config>
	<rendering_mode _any_type="enum RenderingMode">mixed</rendering_mode>
	<window_maximized _any_type="bool">true</window_maximized>
	<selected_stats_tab _any_type="int">1</selected_stats_tab>
	<gui _any_type="class fwk::AnyConfig">
		<settings _any_type="class std::basic_string&lt;char,struct std::char_traits&lt;char&gt;,class std::allocator&lt;char&gt; &gt;">[Window][Debug##Default]
Pos=60,60
Size=400,400
Collapsed=0

[Window][Performance analyzer]
Pos=11,397
Size=572,449
Collapsed=0

[Window][Lucid rasterizer tools]
Pos=15,14
Size=420,358
Collapsed=0

[Window][Statistics]
Pos=450,19
Size=426,357
Collapsed=0

</settings>
		<hide _any_type="bool">false</hide>
	</gui>
	<show_stats _any_type="bool">true</show_stats>
	<perf_analyzer _any_type="class fwk::AnyConfig">
		<columns _any_type="struct fwk::EnumFlags&lt;enum perf::ColumnId&gt;">name|cpu_avg|gpu_avg</columns>
		<end_frame _any_type="int">0</end_frame>
		<window_rect _any_type="class fwk::Box&lt;struct fwk::vec2&lt;int&gt; &gt;">11 397 583 846</window_rect>
		<opened_nodes _any_type="class fwk::Vector&lt;unsigned __int64&gt;">31337 5517386468959401327 5517386621465164360 9230159236252234612</opened_nodes>
	</perf_analyzer>
	<camera_control center="0 0 0" distance="10" rot_horiz="0.5" rot_vert="0.8" _any_type="struct fwk::OrbitingCamera"/>
	<trans_opts _any_type="struct fwk::EnumFlags&lt;enum LucidRenderOpt&gt;">0</trans_opts>
	<wireframe _any_type="bool">false</wireframe>
	<scene _any_type="class std::basic_string&lt;char,struct std::char_traits&lt;char&gt;,class std::allocator&lt;char&gt; &gt;">#boxes</scene>
	<window_rect _any_type="class fwk::Box&lt;struct fwk::vec2&lt;int&gt; &gt;">100 100 1380 1124</window_rect>
</config>

